0,1,2,3,4,5,6,7,8,9,10,11,12,label
-426.69064,74.108475,10.9205065,15.263734,5.7621408,0.3029667,-6.73179,0.70098954,-8.353788,6.1421976,-1.3342355,6.3791122,-2.0742488,angry
-319.1854,45.77136,-30.482382,12.129848,-13.12409,4.138972,-11.408903,-3.6608074,-3.268645,-4.8028693,-0.36323977,-5.141489,6.650959,angry
-339.98117,61.41051,-21.708485,30.790499,-4.661668,-8.472743,-14.565299,4.9940696,-2.9624264,0.79912156,-0.2956626,-1.744907,3.1511467,angry
-294.91165,39.741596,-36.93321,1.023645,-6.568623,17.331236,-12.247117,-10.660803,-11.056461,0.6096687,-4.980762,14.426864,22.966782,angry
-273.07303,103.582695,-21.306248,24.8809,-3.5165155,-21.028925,-5.7405796,-17.77509,-7.563194,-9.061524,-14.397178,4.1292934,-18.603706,angry
-338.0583,69.466156,1.8228462,6.876238,-18.604553,2.2281442,-14.012236,2.4583938,-8.788894,6.24989,-2.3176274,4.505071,-8.977829,angry
-263.1015,48.24133,-7.948106,17.159637,-20.127312,-21.123358,-27.06805,5.1961975,-14.586227,-4.235026,1.4122207,7.8968506,-10.995686,angry
-311.58368,51.863983,-8.722439,-5.5341215,-17.227194,4.3338213,-19.9247,4.6081357,-2.13812,1.4957814,-1.9106032,5.0547905,-14.883981,angry
-289.12198,92.32873,-7.5580664,21.678885,-6.886966,-14.354775,-8.890685,0.64232564,-14.024412,8.896758,-1.6274414,-5.6516933,-8.445441,angry
-283.61795,64.02648,-27.534248,19.635508,-14.606458,-7.802922,-7.044924,-4.326889,-8.94826,-2.6983063,-2.2117894,0.5407029,13.651162,angry
-305.85327,98.744804,-27.7916,-6.986372,-17.46774,-13.954329,-6.6769576,-14.443061,-10.71317,-1.5805149,-11.895832,9.848297,-14.124841,angry
-238.234,90.34582,-45.159782,-9.550759,-27.977352,-12.52158,-14.280668,-11.876552,-19.473772,1.6557506,-13.986334,2.9407434,-16.231337,angry
-288.9689,53.93742,-40.37366,23.510916,-11.139341,-17.116938,-14.304849,-3.9051957,-17.418863,-0.21335654,-21.338022,8.329686,-8.699486,angry
-316.60394,148.3959,-10.108101,8.264081,21.104261,-15.83275,3.1531372,-12.394821,-10.289989,-15.353874,-9.852797,-4.758796,-13.00808,angry
-307.9099,136.56593,1.0840619,24.335232,4.2603297,-2.7205992,-9.2278385,-2.502002,-2.8573556,2.4502847,-3.8891757,0.5836796,-6.179168,angry
-390.0469,102.70639,2.4647284,38.19799,-1.9910263,-3.8515832,-6.42587,-8.999863,-3.5942621,-4.542077,-3.4267786,8.535043,-4.5360947,angry
-394.64404,110.26322,21.902071,8.848906,-5.3412633,-2.8994896,-2.842254,1.3761358,-2.3318326,3.7001808,2.1145897,-0.8375555,2.7928689,angry
-309.2295,104.078384,8.266074,10.777713,-15.392965,-2.1543477,-11.500961,-16.222158,-1.0094717,-8.020468,-0.40933535,-2.00617,0.4775289,angry
-350.4858,106.704834,-13.928222,0.6666751,-12.220874,-9.798836,-14.521165,-8.558886,-12.967627,-6.214229,-4.1345115,-1.3609269,-5.3121214,angry
-461.68124,55.679394,10.531159,14.558401,-9.914029,-21.904955,-5.582703,-5.444716,-1.1601446,-0.64913034,6.9878974,-3.1667957,4.700153,angry
-331.8436,139.34068,10.794523,22.837563,-1.8278761,5.742634,-1.7796675,-13.10691,-5.4092164,4.520923,-7.810566,8.014816,0.6391822,angry
-332.7465,121.298386,16.801586,16.811232,-2.7581706,0.6472179,0.23878656,-16.729874,-10.960805,1.5787041,-8.398355,7.9367313,-8.633976,angry
-478.98215,70.787575,5.634929,5.963062,-5.485745,3.6981843,-4.9084682,-3.4676287,-2.606496,1.3285676,-0.93608356,-0.0732681,-2.6379771,angry
-468.64703,90.24443,10.108771,21.781961,1.6628777,1.2872956,-3.9499195,0.45705783,-3.9770865,-4.926993,-0.25249478,0.06436987,-2.4204006,angry
-323.36273,117.98331,5.6792784,22.398201,-0.83464587,0.7981448,-3.737185,-13.912274,-10.630629,-1.1040361,-7.2544384,-1.7394575,-2.9901216,angry
-337.69107,37.086235,-29.656866,26.03664,-38.860867,7.9408355,-18.478127,-6.5065312,6.0763974,-8.043365,0.7886643,-15.726434,1.1498035,angry
-256.592,78.49488,-65.8425,4.8927364,-19.76512,-25.00888,-12.037585,-29.472418,-10.448704,-5.4555087,-8.601814,1.325571,-13.510631,angry
-266.62985,53.491516,-59.28963,-7.025802,-31.074045,-15.728987,-11.599051,-31.212942,-6.47623,-0.37491557,-8.592915,4.8631835,-14.147291,angry
-254.31363,121.61717,-23.988989,13.6039,-11.508539,-3.5443566,-18.366241,0.3975605,-5.3205366,5.3606796,-1.8693348,1.0965278,-2.8275259,angry
-271.15564,120.33903,-15.659897,10.381084,-11.041999,-1.3278321,-13.402375,-4.820121,-6.1154747,3.1562502,-2.8312547,3.9599853,-4.2012897,angry
-240.3405,74.585785,-51.74793,-6.1706676,-27.868341,-11.743649,-19.34758,-3.577882,-20.535069,1.441406,-12.808088,-4.4334736,-14.763383,angry
-314.50928,62.449017,-30.448408,15.221848,-28.108206,3.627725,-13.215617,-0.0030952455,4.6482925,-9.967133,-8.244237,-5.7761393,-8.470869,angry
-305.48126,19.378044,-40.395424,31.306915,-55.413788,8.746567,-22.898779,-2.6058428,10.075337,-3.8514066,-4.054248,-12.806476,11.73369,angry
-428.2377,79.68733,-5.4687786,8.027498,-13.701677,4.8153105,-10.755267,-7.9329214,3.615773,-12.7562895,-0.036649488,-6.322759,2.4971747,angry
-389.7591,62.312428,-5.687725,11.026587,-17.847052,0.047149137,-10.645141,-7.297483,1.424879,-10.571663,0.4503135,-7.7654405,2.213803,angry
-314.55423,58.309105,-9.173464,8.572898,-16.043758,0.025794258,-10.037614,-6.94378,-0.5835364,-14.150946,-3.71831,-6.5080924,2.7711031,angry
-306.87494,76.21242,-56.519108,18.143143,-40.51447,5.055257,-15.376498,-17.69836,1.3159838,-9.494816,-1.3688596,3.1052275,11.381104,angry
-372.73123,41.146454,-34.54018,8.616332,-8.45095,-8.046313,-4.3208456,0.3477609,3.1514544,4.0469813,-2.847171,11.4215145,8.167556,angry
-311.52075,126.41025,-55.414646,45.076286,-3.1554112,-24.349915,-7.7839327,-24.733868,-9.759789,0.6466241,-16.710318,0.80367583,-14.307617,angry
-396.6113,84.02001,-15.268286,12.09499,-8.553423,-12.929612,-6.3782854,-6.1686606,-7.690323,-3.0170991,-6.108123,-5.4710264,-2.5908413,angry
-375.63052,73.63127,-39.395195,-14.465538,-10.552473,-3.01686,-8.771983,-5.621951,-2.9217756,-0.520519,-11.347731,-4.4114256,-0.5689532,angry
-304.2043,85.287025,-42.879272,-5.8576794,-23.499704,-16.101463,-25.200584,-6.37446,-15.770087,-2.1040661,-10.495147,-6.065017,0.4783236,angry
-313.23422,95.27972,-30.354197,2.001705,-26.051243,-19.49659,-22.971697,-17.087778,-25.846441,-2.2021239,-15.361223,-14.817193,0.84296834,angry
-418.01636,87.95982,16.168657,17.400473,3.2418053,-1.1877548,-3.4318032,-6.694316,-2.6052988,-0.6336428,-0.44024616,-3.1259584,-2.3781867,angry
-304.11786,108.18018,-40.796425,39.93595,4.9988194,-22.753984,-16.022093,-17.326712,-2.8141778,11.112542,-12.985588,14.347092,-11.667398,angry
-290.6822,109.85815,-30.140486,55.159485,-2.8041701,-17.915613,-3.2847698,-16.210344,-13.1166315,-1.8419274,-17.698513,16.476835,-10.995751,angry
-348.1881,93.876686,-36.796124,36.006668,1.3017095,-15.422589,2.7149773,-15.416736,-14.7183275,2.5105028,-10.419017,4.8310075,-7.5549316,angry
-361.01855,91.15466,-25.285925,22.477123,-3.343676,-7.008357,-1.5797446,-14.918295,-6.020295,5.041803,-5.98059,5.807655,-7.5565023,angry
-283.39886,80.83499,-51.239212,15.535192,-17.431767,-22.289948,-25.70137,-12.859446,-10.037888,-3.0473762,-15.539841,6.301985,-12.356684,angry
-332.3222,66.12748,-53.09551,29.70257,-50.618435,0.9892383,-20.555761,-13.793532,-6.566735,-8.398512,0.83379805,-18.798096,0.21739344,angry
-309.29153,112.29721,-18.295218,1.8340842,-12.083311,-9.159978,-20.560894,-12.1996975,-12.316889,2.0719573,-5.988243,-9.183115,-14.139362,angry
-385.35767,92.384285,-4.896422,16.721365,4.270498,6.3233676,-8.733995,-2.0036972,-4.0774045,11.299505,-1.7652167,-2.4373262,-2.1874995,angry
-256.4525,74.74411,-32.517128,-1.6897783,-22.120773,-21.866514,-16.651224,-7.6063952,-14.717763,-8.965354,-15.592151,-10.83001,9.345151,angry
-320.63434,85.51414,-17.787033,2.5248508,-13.562894,-20.3537,-10.522335,-11.588647,-6.2976866,-8.850488,-2.2340171,-9.993151,4.851459,angry
-372.93265,79.19022,-7.571549,25.38899,-7.7740808,-11.48042,-6.6457615,-10.974375,-8.895676,-6.7034707,-0.56111544,-2.6973438,1.3136555,angry
-347.37323,96.72125,-10.58684,9.824631,-0.9842359,0.22473675,-5.528847,-6.1720023,4.5805397,-6.983162,-1.8586748,-4.4429584,0.46859622,angry
-274.29306,52.99894,-11.301879,13.160532,-21.082817,-2.832672,-20.025515,-2.7593198,-18.829056,0.16862933,-9.279181,7.83644,16.060543,angry
-340.58368,73.90004,-9.951706,15.478979,-21.521027,-8.705886,-22.151617,-2.283871,-12.194619,-6.826713,-8.346597,4.232082,4.352373,angry
-323.43375,61.59858,-26.790966,13.682642,-30.754345,-2.9096706,-30.558954,-8.345715,-14.710888,-5.8441663,-12.008304,-2.6454332,4.8410587,angry
-339.45148,60.51202,-7.80621,8.157485,-25.72758,-1.8968421,-18.113678,-2.3018863,-14.317633,-1.9560866,-9.390776,2.199287,3.3892934,angry
-311.3991,71.09213,-30.130503,6.4680247,-26.347633,-0.8915074,-23.248957,-6.739967,-15.840633,-9.834436,-8.21634,1.6616714,14.793406,angry
-345.84106,66.95719,-43.14373,9.373848,-18.92277,-21.534077,-12.914413,-8.067255,-8.369081,-4.168165,1.5827149,-10.783938,0.6372203,angry
-381.59183,92.77747,-11.682649,-3.5953348,-9.981181,4.6533966,-11.284145,-13.415057,-3.2383394,-5.691458,-4.671568,-2.0622904,2.8041177,angry
-402.31186,88.93882,-26.925035,7.497069,-10.346414,-1.2788539,-9.811121,-8.23102,3.8268683,-0.33325067,-5.7070584,-0.59450316,-5.424135,angry
-359.69434,80.1237,-21.452675,33.31106,3.7867312,-27.09598,-9.120397,-0.038680904,-8.871876,-6.4050703,-7.5971885,4.3013616,-10.085804,angry
-343.0824,98.51603,-25.87976,32.24148,-3.7222602,-22.81459,-11.50386,-10.767001,-7.6180344,-16.86004,-11.503013,-3.2845414,-5.122907,angry
-330.504,98.965904,-30.94168,6.910975,-8.4690895,-12.451862,-12.810428,-12.877462,-0.16643594,-6.6094136,-9.0962715,-1.9355735,-5.792964,angry
-394.5208,85.70452,-11.286798,11.633036,-11.781491,1.4256171,-14.818757,-7.2364206,-4.7664776,-4.2317295,0.016221212,-4.5824385,-8.92025,angry
-314.87112,90.705444,-24.04826,8.402932,-18.299,-0.7204784,-25.578667,-5.8883166,-6.7389593,-7.341871,2.6502266,-6.33158,-12.734568,angry
-327.35272,148.3896,-19.783478,11.437768,-4.8346367,-13.285102,-3.1102285,-19.48013,-7.5125084,6.137414,-19.53916,-0.8616369,-5.287373,angry
-278.32315,82.42495,-30.091045,7.2195926,-28.87376,-31.11178,-10.8719225,-12.105115,-15.566695,-7.0890493,-14.720659,-11.178799,1.9078283,angry
-335.98404,107.918015,13.409806,9.338739,-16.42586,-31.22283,-7.183172,-6.1268187,6.6158,7.273294,-3.755214,-0.57687557,-1.018839,angry
-366.2023,114.215126,23.655096,0.7480692,-27.21829,-11.487194,-0.42892253,-24.059872,0.2856825,10.36308,5.452162,3.2475913,0.8544112,angry
-338.1416,109.77615,-20.78763,24.212095,-10.892381,-0.40701655,-5.5648904,-6.760794,-0.28974706,-0.26528117,1.5152309,-5.2052255,2.1127713,angry
-383.8545,89.02255,12.813089,26.521402,-1.1725068,-18.163984,-9.10123,-16.160202,6.7553635,-1.8721484,1.4505029,-0.7686613,-1.9112659,angry
-362.1033,103.82595,0.73143345,26.880152,-10.236178,-17.57111,-12.225425,-14.791558,6.7829795,2.4950552,3.280393,-1.7773465,3.1532855,angry
-295.46887,107.84597,-23.758307,29.100164,-9.535418,-8.982229,-1.0912548,2.794768,-1.7149419,-4.4310446,6.1389356,-10.490398,-4.858566,angry
-336.1153,69.19988,-17.227251,14.183907,-29.255507,0.23479754,-21.14955,4.1391363,3.0647762,-2.5158193,-3.6308208,-4.8406963,3.651358,angry
-260.05463,116.38359,-7.6397114,7.3247247,-7.028014,-11.509407,3.839588,-8.7670765,-18.30228,0.70416695,-5.672954,2.4852555,-1.5410494,angry
-415.11707,92.13457,10.751982,33.827435,5.86782,-11.341639,0.13387345,-5.155884,-10.650847,0.9346386,-8.682409,1.4195899,-4.7573204,angry
-361.51636,71.671074,-20.93964,-1.619503,-45.431847,-12.953853,-11.858955,-27.908,3.9321907,-3.3308759,-5.985259,-1.2842636,-6.691756,angry
-411.42404,98.38633,10.917106,16.110113,-4.9819546,-3.3375237,-20.715408,2.4262817,-8.841063,2.9936543,-6.5933127,-3.3517933,0.16733691,angry
-400.91345,94.70247,19.721891,11.740437,1.4019157,0.112232044,-15.002015,0.8116748,-4.2297077,0.47725612,-3.6750984,1.7858359,2.0104365,angry
-425.86127,112.93493,-21.955732,30.059893,-13.096927,-27.539646,-7.3102446,-7.5315723,-6.030397,-7.1395516,-4.895422,-6.551362,-5.147944,angry
-483.04053,54.30239,-7.110183,9.581603,-3.722034,-11.088328,-2.2112758,-2.6977935,-3.5615163,-1.8108907,-2.2031538,-1.2124351,-1.6304845,angry
-415.97302,117.737854,6.832773,21.309017,-15.9516115,-2.9591262,-9.064254,-6.6155033,-3.8714864,-4.2482386,-9.248452,-2.5046728,-1.9684913,angry
-357.499,97.58392,-16.69276,17.132938,3.61735,-14.587331,1.8034624,-19.54779,-6.1601157,1.5513889,-10.790567,6.8777633,-14.682707,angry
-335.24527,99.35808,-14.651239,28.435863,18.185978,-18.468592,-0.60889417,-10.789894,-10.773791,-1.3296099,-16.21835,8.101344,-5.8435683,angry
-400.21088,129.32587,-2.6261446,26.762636,10.643237,-15.878743,4.503374,-13.459597,-11.444743,5.4510646,-10.342482,0.33128315,-0.4670476,angry
-394.01273,113.89205,18.278221,27.623648,11.119586,-9.419576,11.047505,-8.195667,-19.430325,0.39770195,-6.980149,-3.530595,-1.8500178,angry
-371.61542,123.94442,-2.6768909,24.212809,-22.027208,4.592309,-15.592346,-0.9168068,-1.6102264,-2.3524628,-10.609989,-0.89850074,-2.5886078,angry
-334.3535,37.09644,-40.752457,33.170853,-18.124844,-38.601963,-9.801343,-14.788622,-8.897375,1.4627607,-9.378972,5.210764,-10.015354,angry
-275.5947,61.38061,-45.37141,6.0237727,-21.693743,-18.538914,-13.411435,-11.048612,-5.173888,-6.0135326,-17.357002,-0.8456531,-2.6587257,angry
-293.81177,72.359024,-37.712505,5.652043,-20.375526,-15.841373,-12.87182,-10.147152,-5.450647,-5.49937,-15.916437,0.11831352,1.2109947,angry
-324.17557,80.41264,-13.639061,29.956783,-12.83257,-28.606337,-11.254561,-15.322088,-11.343662,-4.161445,-14.309635,-2.6828582,5.7730255,angry
-345.3423,65.14731,-28.668192,29.17279,-16.628843,-16.867052,-11.811532,-10.662679,-9.879474,1.1823169,-3.7678256,9.667849,11.541437,angry
-365.10074,78.136246,-26.628574,17.675844,-7.469102,-10.655823,-3.1254923,-4.765819,-2.0693493,-7.222995,-8.243619,-1.04838,-5.2138615,happy
-306.97986,73.057915,-39.524364,10.324845,-17.907461,-20.323572,-17.668316,-7.573658,-6.465529,-12.211687,-12.322707,-1.0618517,-5.823818,happy
-321.05826,123.19323,-41.918327,27.936852,-4.4774485,-23.302477,0.2458577,-19.071505,-13.245666,4.0320363,-11.505241,9.356894,-15.510949,happy
-362.67477,124.21647,-20.94488,34.97757,-2.6949146,-16.939554,-0.76527435,-20.634361,-9.891787,1.5717793,-8.50571,6.4984374,-16.944847,happy
-465.30377,123.86788,-3.1223998,24.617224,-5.6022363,-6.6586733,-0.5097089,-13.807726,-2.1592872,-5.1968393,-3.5029278,1.3674041,-11.237226,happy
-492.31418,148.49637,-13.540342,17.552477,11.069065,-7.8987775,1.4546365,-11.623372,-7.128582,-1.3227829,-4.695828,0.6762641,-14.733362,happy
-312.5258,86.5702,-37.704376,12.114793,-0.6190977,-24.682716,-11.2599125,-20.554647,-16.806067,-4.5328975,-15.331057,-1.0938195,-19.164755,happy
-368.23932,92.20789,4.960679,-6.066749,-13.350115,-2.7761097,-17.483484,-5.571976,-15.536502,-3.3867774,-2.099324,2.0457242,-5.107719,happy
-266.98523,41.994705,11.293039,10.559175,-7.136691,-18.68584,-22.752554,16.161556,-5.4540076,-4.065273,-4.5580416,-5.1337852,-9.091044,happy
-479.07,51.06466,4.11427,6.1049156,-0.9256003,-3.0363898,-20.91777,2.7504246,-3.7558572,6.6667666,4.3945932,10.468695,4.8262563,happy
-395.79355,38.959656,1.8267527,-3.5007606,-5.069864,-0.46789315,-16.725723,3.5050232,-2.5487816,2.7026348,2.6271944,6.8245635,3.9757142,happy
-372.16367,96.394264,-26.714085,16.241161,-2.8153315,-12.381673,-13.411257,-7.478031,-5.615113,-13.71974,-7.818685,2.0007434,-6.4700427,happy
-356.5034,77.041306,-20.292639,22.74492,-13.148518,6.9877295,-8.409247,-4.942212,6.006304,-8.264101,2.5292368,3.3571959,1.9312333,happy
-263.68842,63.48727,-32.503056,0.41092584,-22.88783,-6.401061,-14.796949,-4.1345253,-3.567068,-11.825815,-8.93668,-11.220856,-11.781904,happy
-359.77823,64.31067,-6.4456053,13.570165,-17.425337,0.038687337,-10.352847,-5.679314,0.592043,-4.368689,-4.0779376,-1.4920549,-1.2716049,happy
-436.36768,80.5786,4.644081,29.337702,-13.630829,14.163287,-13.098533,2.3651392,0.7866307,-2.820409,0.48718747,-2.040626,-0.71644664,happy
-429.3422,109.433365,17.259,30.672419,16.584229,2.807978,-1.7357147,4.256123,-3.2198904,2.3785896,-1.3411894,-0.19621721,3.786732,happy
-422.48462,132.23366,19.438004,28.713701,12.412905,-0.026565924,3.8004196,-5.1199775,-6.494881,2.677996,-4.4877906,0.5293963,-0.026455821,happy
-325.7604,86.45565,-15.49393,42.525017,-11.102996,9.129263,-14.365715,3.4338884,4.6280413,-16.218864,2.3298671,0.20304586,-5.626694,happy
-364.60864,115.19722,8.871616,44.34843,-0.018330326,-1.4408652,1.1432838,-2.1563327,-5.4269195,-8.390018,-2.1114857,-1.7076533,-0.58597255,happy
-361.64453,109.0695,-3.2576725,8.8644495,11.261112,-9.538195,-11.21261,-7.849608,-13.553614,-10.306,-10.900276,-0.67483366,-5.8443403,happy
-246.43951,96.620605,-30.975529,20.852774,-37.226994,15.063977,-18.676794,-2.666487,5.508428,-10.298926,0.08775964,5.998643,6.7226825,happy
-302.5664,75.595535,-13.584507,44.403374,-24.98231,13.8872595,-16.551022,1.1473143,6.724876,-10.744977,-4.4017825,-3.3125,-5.8297462,happy
-384.264,112.19275,-2.0794194,15.229113,-3.280662,-5.098563,-22.192207,-12.581306,-7.8864193,-5.1018376,-6.541185,-5.571426,-2.8560836,happy
-332.5627,82.11058,-29.36091,1.3573576,3.7154715,-23.234226,-22.611967,-17.250868,-15.774699,-3.3599517,-11.014399,-2.6613438,-8.676697,happy
-364.02798,81.796906,-23.732733,16.316147,-1.4326975,-21.24775,-18.066671,-11.645726,-17.531,-4.00299,-14.498658,-2.7205951,-12.867656,happy
-290.77734,95.70915,-41.707447,14.834304,4.8042808,-14.80231,-17.760815,-3.5474622,-5.702423,2.8570452,-11.385131,-1.2498667,-12.92723,happy
-287.17953,140.75835,-19.825132,33.78713,8.458596,-2.2547295,-2.608539,-10.177095,-4.113931,-1.3482873,-8.110737,3.2312887,-12.626637,happy
-474.83984,147.96223,-59.895523,39.386856,-19.30153,-27.943031,6.248326,-23.939146,-9.884936,4.42769,-11.990214,6.8928866,-23.482004,happy
-240.89337,133.09618,-52.261158,39.396843,-2.837738,-26.254951,-10.680905,-28.233124,-13.394406,3.4058168,-16.388535,8.736455,-23.12408,happy
-263.14835,140.54823,-69.699295,43.896282,-7.852225,-29.12542,-0.6286162,-33.896473,-8.694164,-0.021751076,-25.474197,14.099176,-14.221092,happy
-338.50732,119.084076,-45.671688,45.084175,-3.0502863,-17.798954,0.8202281,-20.0612,-11.41355,-1.422053,-16.770163,7.907024,-13.581235,happy
-440.66357,73.803246,-19.198193,23.458483,1.2715489,-11.075948,-5.944754,-5.6893206,-5.9822717,0.6567348,-6.3590713,2.2914069,-7.2327623,happy
-338.39166,125.75584,13.863994,-6.15822,-19.386946,-7.071466,-5.1224732,-19.430634,-16.81676,-2.8923619,-8.955944,2.2195508,-0.65524864,happy
-365.25174,90.179794,-0.7609376,11.029498,-2.5538695,0.62150013,-8.046115,-6.0124984,-6.288985,0.34280458,-6.1777296,0.773447,-3.8545845,happy
-300.31033,119.16425,11.575673,28.357445,6.702475,-6.619301,-27.096527,0.24054018,-9.829359,-9.958294,-0.028923014,-6.3449526,-5.4379697,happy
-311.4084,111.53874,5.764897,12.094629,-12.13903,-6.264276,-16.655495,-22.673372,-25.610012,-12.240196,-14.915138,-14.260128,-8.654523,happy
-323.58502,113.88186,-7.6277347,4.339474,-8.862749,-0.17636323,-16.590115,-25.68473,-18.531841,-10.150937,-11.776441,-6.71305,-6.5334105,happy
-238.90903,88.795746,-54.3786,2.008124,-35.74009,-4.2244844,-22.097748,-17.943254,-15.252043,-4.4970846,-7.490213,4.60981,7.2934737,happy
-327.04172,56.58911,-55.77055,17.167864,-31.07053,-18.276674,-15.808217,-20.96571,-11.615297,-4.246977,-12.436775,-10.823296,4.075356,happy
-414.53177,51.916706,-32.17886,14.731312,-22.495783,-8.191961,-10.416776,-16.40998,-8.746299,-3.7202768,-4.6546316,-3.560549,2.8611124,happy
-333.73532,72.636215,-44.342537,25.527481,-38.637375,-17.47901,-22.812172,-21.987925,-12.6339035,-11.85282,-1.6269279,-13.747913,2.5374277,happy
-362.68988,90.50175,-26.691467,-0.011849096,-14.097041,-26.115208,-18.608202,-9.524915,-18.832064,-8.108871,-10.342569,-10.423486,3.850889,happy
-296.30792,161.68668,-11.637662,3.4180856,-16.582737,-3.7095382,-3.8421817,-17.937222,-9.592841,0.96902484,-14.427173,2.5229955,2.200697,happy
-268.84244,124.05775,-29.211702,-1.5187799,-8.310764,-27.22439,-11.302301,-11.401721,-16.717997,-3.3908207,-19.06694,-11.504083,0.8101436,happy
-439.35095,86.47761,-11.176374,-16.105251,-20.830297,-10.765523,-14.4837,-18.6937,-8.783385,-1.072068,0.24187776,-4.722638,-9.58538,happy
-391.38013,86.2107,-19.724241,6.807934,-4.903163,-15.952996,-11.520292,-3.3938115,-14.201143,-3.65312,-8.869164,-9.212428,-2.1891048,happy
-330.21933,110.2852,-17.109777,-0.19528325,-20.90684,-10.537898,-22.301662,-19.466547,-8.9427595,-13.208354,0.9247086,-10.363111,-10.505549,happy
-338.47986,85.90689,-12.621619,4.0255866,-7.866761,-5.440889,-15.274471,-7.2154384,-20.319172,4.2055826,-4.495826,8.370326,16.982317,happy
-409.37625,84.27469,2.1288135,8.951344,-6.7300544,-9.30839,-10.444137,-14.381155,-8.334809,-4.9840684,-5.031771,-6.52342,-6.296338,happy
-377.09592,94.49534,-15.474752,12.614674,-7.7839446,-1.840941,-13.225282,-5.7959476,-6.0082903,-2.766223,3.3478553,-6.4768047,-4.1314287,happy
-366.7635,80.74174,2.9512596,10.731831,2.2820618,-1.7994217,-3.379066,-4.9466953,-7.364845,-2.3871288,-2.0561438,-2.5974774,-3.3955443,happy
-402.79587,87.8106,-18.24508,-2.5360773,-4.059682,-17.12282,-3.1883376,-7.417319,-6.6574907,-7.2643604,-1.004396,-9.316883,4.294498,happy
-225.05309,52.175156,-4.846019,15.065274,-10.669841,3.7939277,-6.3753266,6.6795774,-9.733738,1.82922,-7.039692,6.001513,-0.32079712,happy
-333.22397,103.83186,-49.27831,-12.91011,-23.8373,-14.2693,-7.3411922,-15.118807,-9.536709,-1.3894168,3.5722263,1.9700712,11.26404,happy
-269.0609,64.08401,-62.550648,-3.9745877,-14.433692,-30.818285,-23.945118,8.960723,-6.852424,-0.9486514,6.6842775,10.076248,20.991364,happy
-538.7985,96.85264,7.3864307,26.058233,0.02660411,9.943036,-2.9146547,5.724252,-9.857736,4.4881754,-10.800511,-5.0323052,-3.0739574,happy
-503.7203,88.55778,-6.8677917,12.935517,-1.5044205,4.782665,-12.008246,5.2192516,-4.484941,-1.5862728,-13.361531,-1.492108,-3.659751,happy
-260.55908,56.103367,-16.083792,14.354218,-23.308092,-6.525521,-14.184069,7.2364736,-13.526336,-6.193619,-11.814853,-16.341637,-11.031036,happy
-401.1957,120.5255,-2.468062,22.851118,-5.3685327,6.8822618,-7.9126253,-1.2231842,-9.383916,-0.93678004,-8.900059,-8.764688,-4.297709,happy
-369.594,97.06553,-97.55954,5.369735,-35.10017,-25.471481,-5.5509477,-17.785803,-2.3387358,-19.914976,-10.279327,-24.530865,-3.698704,happy
-377.1008,96.92332,-0.3642578,23.892252,-10.000836,-3.7393832,-8.580144,-12.028328,1.9436705,-11.22184,-3.7600203,-6.5494204,-1.9598092,happy
-435.33395,88.09805,-79.35724,3.357906,-22.670572,-14.078553,-4.9835243,-15.45476,1.344577,-9.33302,-3.9220436,-17.249073,-0.39866224,happy
-238.97972,94.38431,-47.337185,-4.186323,-20.035454,7.5862885,-30.310259,-16.021072,1.783604,-27.47378,-5.4003053,-9.662507,-8.097818,happy
-232.77374,58.612984,-32.00603,6.3681297,-25.924013,-12.226272,-29.925884,-14.948581,-3.2467089,-3.739184,-1.3562793,-1.1953223,7.2748375,happy
-350.3698,100.07649,-24.918997,20.931633,2.964345,-11.9161415,-7.6503477,-1.9249421,-3.3263888,-1.7060443,-1.6136637,2.4035826,-8.322854,happy
-336.74365,68.13819,-16.955688,-1.7034458,-13.936947,-16.522743,-28.782059,-4.9106226,-7.6703577,-7.8676915,5.0953074,-6.6428404,-5.871816,happy
-332.83322,66.09053,-14.04139,-1.9495221,-9.814791,-16.415823,-25.633446,-2.3713462,-7.07921,-4.8852897,3.7762492,-2.5552127,-7.187984,happy
-343.90012,114.98926,-6.287024,9.719358,-14.029597,-9.437448,-10.925446,-17.212297,3.1847289,-10.503652,0.9659606,1.3146093,2.220573,happy
-371.35117,101.36032,11.90763,38.053543,0.33977294,-13.127539,-2.798061,-7.4358683,-1.6211671,-9.189786,4.701979,-1.7072848,2.6891773,happy
-467.88248,97.51144,4.7813797,11.953915,3.3133645,7.0915027,-11.146331,4.578116,-0.34615642,-3.6011326,-5.2437525,1.8069078,-0.19250306,happy
-422.1092,124.84223,26.724558,18.332638,3.3965483,5.305162,-8.972309,4.934561,-0.94319665,-2.7300448,-7.4579935,-0.33021557,-5.186227,happy
-356.9189,102.55052,0.02023022,18.707727,-6.187311,2.2386055,-9.625188,-11.5035515,11.465151,-1.1896799,2.9331715,3.4897854,0.083674066,happy
-414.9865,109.09351,9.713233,19.110666,3.0947688,2.711397,-0.7380588,-5.012463,-2.6994443,1.986111,-7.615697,-0.91191137,-2.6540778,happy
-331.76608,123.368546,4.2450504,18.91953,3.8532755,-10.100992,-1.8420132,-16.695353,-11.555726,1.0185357,-16.350885,0.35668746,-5.4817033,happy
-294.87543,103.49108,-41.39858,19.04977,-17.262333,-22.372793,-15.3460455,-5.908323,-1.0820175,-7.0758533,-10.57997,-4.7219105,-1.1372085,happy
-336.2871,136.36761,-10.0024395,19.666588,8.289536,-17.936867,3.7049117,-5.7839413,-3.5415802,1.6881096,-10.040331,-5.4399853,1.6529206,happy
-317.02173,117.55859,-12.425748,28.023643,10.51367,-6.9866033,-1.1589764,2.2096517,3.7349536,-3.9649284,-8.771995,0.96297044,-0.24971601,happy
-339.87408,102.19198,-27.37889,15.219233,-20.558659,-7.553935,-26.086002,2.7578232,-8.663144,-7.13943,-8.22888,-1.865122,-3.9959636,happy
-277.44556,135.54225,-39.90274,14.8392315,-2.9452183,-33.019684,-7.5420613,-25.879194,-16.754414,5.28175,-22.596687,1.9488227,-7.371994,happy
-426.13745,63.539814,-26.137451,5.405131,-0.6901729,-23.700447,-6.3574142,-5.53724,-1.33578,-9.16491,-11.037329,3.55066,1.4874085,happy
-331.9364,76.06802,-19.819128,24.021236,-16.909754,-6.6944404,-4.764403,-9.687757,4.4763994,7.0003123,-0.2863047,5.207866,-2.8116534,happy
-319.20786,74.71004,-39.85129,18.117283,-17.745005,-11.822715,-6.761534,-15.608928,2.9292078,1.5630109,-0.12832107,3.4191258,-6.9944344,happy
-502.9434,119.66789,8.015549,27.240675,-9.343291,8.202701,-3.4678764,-6.320547,5.0277553,11.00113,1.9282905,9.523849,7.2204967,happy
-446.35364,180.70578,1.8104168,2.961682,6.8333855,8.705928,3.537498,-0.9978442,3.7584984,-1.3944514,-7.46353,0.69810057,-0.6032318,happy
-414.70386,89.07846,-8.921906,35.50592,3.9428504,-13.002783,-3.6505048,2.3976216,-2.887738,-8.6004505,-7.215905,2.856008,-4.059731,happy
-472.89093,105.57049,19.75705,44.46753,14.517121,-3.0976448,-3.0050952,6.4512725,-11.748933,9.540156,-1.346482,6.1949115,3.9754205,happy
-398.1069,120.782036,1.7690588,23.374077,-3.7289808,-3.5342374,-13.724252,4.5130877,-7.2457843,-4.066815,-7.375245,-1.9048012,2.589415,happy
-409.76907,86.33029,-2.2543898,24.591253,-9.947398,-1.949093,-19.417822,-4.559772,-5.604194,-7.0042186,-4.220696,0.04457127,9.540368,happy
-274.06415,165.43445,-9.126343,19.208502,-8.342215,-5.5985684,6.1032853,-8.358981,-10.733464,3.9374661,-2.9529972,6.2611094,0.6519014,happy
-289.1711,89.02613,-45.337254,3.538066,-69.01089,-8.56362,-30.429499,-11.969863,-19.58578,9.52326,-1.0728889,-3.590067,17.884985,happy
-339.03418,120.16083,-17.701189,20.655842,-19.049574,-1.7123578,-11.824449,-13.583948,4.7339654,-0.77689666,-1.2573236,0.4191609,5.191457,happy
-285.76883,140.3388,-27.82069,21.140974,15.814429,-20.798956,-11.558028,-17.358046,-12.585978,9.327854,-10.254398,-2.9215899,-4.3901973,happy
-403.86444,86.56701,-35.00502,23.936502,-15.208326,-13.993552,-8.632124,-12.568199,-4.748496,-10.8179035,-14.757212,-1.8630444,-1.1307064,happy
-245.36772,111.04498,-26.67319,31.075098,-17.641914,-10.824356,-11.82279,-4.264479,2.959911,-7.143114,-7.998503,-1.1200079,-3.098383,nuetral
-410.51956,149.10954,-9.457808,33.449787,3.0814235,-22.807806,-10.566656,-16.413857,-13.080527,-9.508726,-17.968473,-10.28536,-16.696396,nuetral
-381.3859,124.29438,6.587576,21.985594,3.5599446,5.601739,7.4277105,-9.318082,-0.54136777,-0.3181146,-2.8613856,2.2176392,-8.57879,nuetral
-442.9663,126.32851,5.2037735,19.748684,-18.860668,9.631977,-7.518579,-8.125343,1.8882959,-8.128684,1.5149189,-0.8600193,5.3809533,nuetral
-385.1754,120.761116,-21.024725,38.760868,10.933244,-28.35406,-12.7737875,-12.245973,-8.545885,-20.423328,-7.781444,-0.95294356,-11.222342,nuetral
-322.0084,115.08386,-1.7144903,15.7742605,-13.313377,-25.796576,-3.1545906,-16.732841,-19.71241,-21.207823,-21.445145,0.44102517,-13.09965,nuetral
-280.92868,86.21813,1.9933192,18.19341,-26.982996,1.9675406,-17.420355,-10.738375,-6.479307,-5.7702117,-9.42296,-4.3067327,2.937778,nuetral
-363.16586,124.5947,2.2949328,10.942879,6.809085,-9.677623,-11.855129,-10.674572,-6.5792413,-10.053397,-7.7609177,-4.8775115,-7.8141437,nuetral
-307.21384,94.49407,-9.260003,30.2337,-47.435642,13.519948,-22.482338,-7.194944,-5.155366,-9.38174,-4.162267,-5.4217343,6.086933,nuetral
-367.87085,100.93532,-9.707191,45.18758,-34.273865,9.833174,-10.675404,-8.727955,-2.1159484,-10.000191,-4.4908085,-10.9328,3.1964428,nuetral
-341.43198,82.83234,12.155663,9.468156,-1.4683552,9.248091,-5.60837,-0.092662364,0.6745887,1.4256207,-3.8704374,0.9459239,-3.5243037,nuetral
-285.85,111.13113,-11.513097,31.461636,-1.5800155,-1.082053,-10.436556,-0.8332325,4.272956,-11.186246,-3.5798872,1.4128983,-2.9582176,nuetral
-432.27173,86.212875,38.246002,29.809757,3.485258,-1.3347787,-4.113339,-7.400615,-3.3910353,-0.013077118,-3.49063,4.3057117,-1.2422959,nuetral
-410.59882,132.88457,13.06029,29.2996,15.061014,3.1571186,-14.071112,-3.7870376,-6.9652724,4.14081,0.8029154,-3.13669,3.2353706,nuetral
-406.06638,124.53009,16.031673,29.703247,7.790657,2.9926736,-6.3284836,-4.9575076,-7.76177,0.923613,0.21396542,-3.8827684,3.1797295,nuetral
-400.5854,104.584595,22.492348,33.490276,11.086236,9.654006,-1.7988935,2.0094128,-4.788092,1.7056037,0.12991676,3.129704,5.9258585,nuetral
-345.60745,62.953175,-58.511105,26.11134,-53.857647,12.120766,-26.014141,-6.3161006,9.148899,-18.4751,-1.6220336,-16.522697,-5.708582,nuetral
-372.74036,147.39456,-8.375768,26.816525,5.9970937,-3.2419248,-5.3289433,-3.8394306,-3.0682068,-4.8462152,-8.358573,-0.7976605,-8.793899,nuetral
-340.94922,92.673294,-3.8781602,10.006392,2.700721,-11.23894,-2.8145483,-12.353777,-11.14318,-2.3556366,-10.053684,8.302637,-13.4347725,nuetral
-356.88205,84.13871,-2.9772737,8.924966,7.2288456,-9.070076,-3.270997,-8.731028,-8.633968,-1.161557,-10.812514,8.969253,-11.628139,nuetral
-377.4005,74.517426,21.82369,52.8619,-34.355057,-9.392948,-12.062251,-17.094194,-13.778072,-1.1307393,-10.73556,-4.3355207,8.79446,nuetral
-361.32693,131.7266,-5.5218444,16.923836,-4.1847715,4.5377636,-24.284792,-0.25691468,-10.712367,-2.98047,-6.1344314,-7.7720385,-10.182456,nuetral
-290.79736,97.17047,-1.1485125,30.046595,-24.677528,8.639087,-22.626144,-7.009972,-0.04889961,-3.2285178,-2.8067844,-10.579052,5.8760977,nuetral
-394.83087,127.616394,18.432047,23.798206,1.51587,10.862106,2.105755,-9.57265,-2.1540647,0.70184803,-2.6822186,3.013697,-1.6698884,nuetral
-457.92633,134.40503,23.952192,36.53939,10.349825,14.754293,5.4790697,-11.292586,11.63447,6.80654,-1.1825153,4.229303,-6.3239746,nuetral
-437.86972,112.34954,33.22545,31.340334,8.288852,15.189498,-2.6540403,-0.44177002,-0.94798684,3.9343119,-0.6169938,2.9198844,-0.04127855,nuetral
-460.8879,131.03746,26.717146,30.352625,18.735266,15.257575,7.835212,2.1257498,3.24023,4.8253446,-1.1992759,3.0561323,1.2244465,nuetral
-407.57162,118.19947,10.080352,28.43068,3.8890736,3.767637,-7.140289,-2.2353606,-5.3375726,3.6559253,-0.6193989,1.7476078,0.16577376,nuetral
-416.3818,134.81018,24.67007,35.483242,13.545751,10.280766,-17.479376,0.3682012,-13.856615,-7.649641,-4.9680476,-5.9339743,-5.6127763,nuetral
-467.28943,94.66581,29.797163,27.143717,-0.9374105,2.5998204,-7.698032,-7.1943755,-2.7464628,-7.8331933,-4.200363,0.7522745,2.1000574,nuetral
-420.83392,100.367386,-7.9167466,18.511013,-16.252464,-1.7754322,-6.9922943,-8.264329,0.66795105,1.9920019,-3.3323689,0.3033856,-4.343339,nuetral
-253.50826,145.49016,-47.929184,48.56273,-3.9584048,-21.396208,-2.0969713,-26.223213,-9.053311,-10.471474,-19.151142,0.639233,-20.115,nuetral
-248.846,127.0372,-49.808815,57.896385,-3.9243855,-26.04034,-8.689193,-24.245558,-5.503363,-10.083453,-19.673061,1.107634,-20.742983,nuetral
-359.26135,145.31818,16.708673,28.814587,0.77899593,4.1074653,-11.926556,-4.0373545,-2.5199494,-2.416761,1.1873686,-5.989461,-10.978042,nuetral
-423.8117,116.6406,16.64768,21.405317,0.9524458,8.7038555,-4.809488,-4.3740206,1.989164,-0.34476265,5.249287,-3.6479685,2.4013023,nuetral
-298.1744,138.93791,18.478472,12.340521,-0.15129116,0.12423959,-7.8043785,-6.0572524,-3.3850877,-5.5798354,3.1402674,-6.2338367,-6.264545,nuetral
-349.37167,139.9041,28.514227,28.147959,5.5018797,7.082022,-2.3356965,1.7318063,-1.1152089,0.43976724,0.8648533,-3.4441047,-0.8156899,nuetral
-448.45425,110.76276,-27.082846,27.982601,-2.2203345,-16.955414,-6.0460157,-10.879503,-10.115172,-1.557493,-9.410122,0.9848292,-13.515369,nuetral
-388.68304,123.152435,-35.6724,28.161219,0.18417662,-15.150011,-2.335579,-15.132785,-10.668759,-0.13322878,-7.3265166,1.1762679,-9.819279,nuetral
-443.8943,103.882256,-2.8228478,33.395943,9.873389,-6.2438946,-0.89769125,-4.642409,-2.9972517,0.8093711,-6.2009664,0.027608745,-6.906417,nuetral
-466.41245,143.28499,-5.096785,34.08021,-2.5614429,-5.5605845,-8.863868,-11.493296,-3.965558,-5.845081,-2.5201135,-4.479304,-7.533773,nuetral
-268.04178,73.36497,-34.049446,6.974904,-21.51566,-7.2744403,-20.018427,-18.386206,-5.1503034,-11.331158,-14.563033,-4.47667,-9.974482,nuetral
-247.43723,80.893036,-26.086868,15.754568,-37.621998,-7.5114775,-24.317114,-12.678665,-15.371493,-2.1006901,-12.709416,-8.457018,1.4190238,nuetral
-361.92444,89.7296,-27.43252,46.50241,-37.578842,-9.219134,-16.445776,-16.62631,-16.130672,-16.844091,-4.6308494,-17.336847,-3.570673,nuetral
-502.3994,83.89733,-1.2937967,3.015736,-1.0750674,-15.19134,-12.096974,-7.0865626,-9.840694,-2.4614413,-7.6210275,-6.8737316,-2.381669,nuetral
-302.93173,122.39354,-6.5176187,-7.4670486,4.021197,-12.988144,-10.991509,-4.1741133,-6.7273674,4.699038,-7.6621532,-8.901203,0.48520055,nuetral
-364.6419,139.83615,7.9485683,-8.639245,-4.925149,-3.7886946,-7.649524,-15.819665,-13.428781,0.56575775,-8.381455,-8.305485,2.27512,nuetral
-368.60992,131.24532,12.377158,6.801405,-0.5689383,-12.239214,-6.485408,-10.869367,-11.326969,-4.1826897,-10.651678,-12.477694,1.3271859,nuetral
-337.7692,120.2219,5.577026,4.982393,-0.21473706,-8.731646,-9.504486,-6.228399,-9.096564,4.03189,-9.830662,-8.601286,-1.5440732,nuetral
-254.49289,105.162056,-54.24524,16.524538,-21.273207,-17.967175,-13.064841,-13.400381,-14.728356,-13.96303,-7.098967,-18.2895,2.2449517,nuetral
-304.30463,116.39396,-44.43957,9.494786,-16.011284,0.8727871,-12.967379,-2.6133728,-5.991873,-14.867017,-7.467965,-15.091677,-2.369893,nuetral
-350.5914,86.262405,-29.87451,10.980664,-7.5285916,-11.839994,-7.941372,-9.1965275,-8.584631,-6.4393067,-4.804455,-9.00076,0.29099256,nuetral
-393.88663,108.52515,23.60902,15.52026,2.3820314,-2.3704586,-3.9601743,-4.8623652,-0.45347583,-5.2193336,-4.3262534,-1.7736436,-0.74720377,nuetral
-415.44724,102.11936,11.029372,13.631599,-3.2023346,-1.9308994,-0.24325483,-6.764977,-2.2175453,-6.177081,-2.1080613,-4.571134,-2.2536156,nuetral
-317.36264,138.2887,12.718542,19.058035,-5.625242,-3.254691,-4.362566,-12.3247795,-5.433208,-5.8430147,-4.9933367,-4.4480424,-1.2902439,nuetral
-325.68958,135.61884,13.451933,20.000217,-5.361729,-3.2683077,-4.0489597,-12.239933,-5.5701327,-5.830851,-4.898895,-4.5093856,-1.1443992,nuetral
-417.04535,86.62217,-0.26890576,10.117098,-0.27119482,2.3994071,-4.6730804,-4.747332,-0.71738505,-4.661666,-2.9462776,-1.3296688,-3.0768127,nuetral
-514.30756,129.90459,24.292017,15.370667,8.280688,5.3360357,-1.296947,-2.1307735,2.142636,-3.216279,-5.0785413,-0.07072039,-0.405212,nuetral
-534.3701,92.28564,-26.470213,13.826952,-6.3664904,-22.413174,-13.591183,1.1357358,-3.7156138,-6.28645,2.580834,-2.5072865,3.988915,nuetral
-355.43283,101.99663,-13.290079,10.519779,-13.755705,-2.8023274,-25.539022,0.28825915,-8.184038,-6.837123,-10.452134,-2.6312616,-2.8913293,nuetral
-571.146,104.41451,-6.2128677,19.690813,-10.804863,-19.7867,-18.936993,9.809873,-17.52422,0.41366705,-12.033638,-2.6354256,-5.621201,nuetral
-505.89124,74.950264,22.924503,16.25978,3.789228,1.406924,-15.560411,0.20348394,-3.9804752,-3.2771916,-6.8799353,-0.53742725,-1.5870754,nuetral
-285.15472,89.98691,-10.630967,9.777859,-19.164,-8.143737,-12.1775255,4.6765203,-13.620685,-1.6072543,-9.800449,-6.332748,-7.71908,nuetral
-444.4164,131.30077,5.975296,21.601496,2.4282722,11.370352,0.7413879,5.3344355,-8.433703,-7.8682065,-12.966628,-7.5806212,-5.029839,nuetral
-293.17596,110.463326,-25.31367,14.041023,8.027599,-9.605814,-15.2568,-8.876909,-12.637198,0.7048479,-10.033996,4.096314,-16.065605,nuetral
-474.6074,92.956795,9.974151,39.994293,-2.350915,3.8663542,-14.661154,-9.330567,7.0633063,-2.1595814,6.5441155,8.0833025,7.389727,nuetral
-296.65164,94.74376,-22.429407,25.747559,-22.076256,1.0938922,-21.481462,-22.541594,0.9663042,-0.8332717,6.1280727,0.09513655,4.797667,nuetral
-462.71713,98.46547,34.655888,31.934046,11.719949,14.524632,2.1766963,3.013538,9.96461,6.831749,7.013261,10.855002,8.558911,nuetral
-368.115,167.73216,-14.903877,15.819388,-16.32457,-3.475443,2.4849699,-23.692759,-3.764378,5.5956273,-9.79728,2.0186217,-3.170408,nuetral
-357.9658,176.46362,-16.422821,16.829678,-20.037083,-3.9960184,4.916386,-29.180061,-6.74463,6.327437,-12.594136,6.1095667,-4.8979034,nuetral
-385.99423,133.9473,-2.987987,47.357788,-1.8549162,9.140381,-12.731332,-4.6459374,7.7719855,-6.2521167,7.7803774,3.6658459,9.179454,nuetral
-351.20355,121.73955,3.5955474,22.437893,8.338789,1.5695968,4.736674,-2.564502,-5.8292136,-1.1126006,-5.7784643,4.821844,-5.5186462,nuetral
-268.74713,140.32803,-4.2804823,12.208184,-2.8411727,-5.318334,9.231157,-6.6565747,-8.939091,3.7382467,-3.55533,12.502613,-11.490534,nuetral
-379.18515,110.43567,-16.717693,-0.52607274,-7.3279376,-8.658568,-12.907849,-16.417496,-12.719732,2.604707,-11.475592,1.2455677,-9.432644,nuetral
-328.0773,113.05293,-12.282763,-0.38441947,-7.4541583,-4.2270274,-13.856128,-16.523554,-7.6756697,3.645436,-8.819047,6.8550715,-8.497674,nuetral
-389.75116,94.02159,-6.6587725,-5.1127415,-12.721381,-7.1415453,-7.840071,-3.5302987,-24.118797,2.542148,-5.542115,4.056385,-12.083197,nuetral
-426.4865,92.97031,-3.6909335,23.960058,3.009833,-0.7428318,-0.18145736,4.116524,-2.5869327,-1.5903817,-1.8930397,-1.3307174,0.7681455,nuetral
-255.8584,121.41461,-32.271664,46.96629,-4.168106,-14.00729,-9.28366,-20.681807,5.0448008,0.5033641,-7.9758496,-2.8605165,2.0531747,nuetral
-267.29175,134.84924,-14.792918,36.029366,-0.7781254,-8.275455,5.7149334,-16.53959,-8.923864,9.521265,-10.301807,2.310521,4.2348604,nuetral
-247.95198,124.095856,-21.73192,42.790646,-20.181711,-11.96527,0.8384488,-18.11866,-1.8482767,5.526291,-12.709821,3.6301758,3.3226411,nuetral
-302.10822,116.94646,-27.781523,23.035286,-6.1917567,-29.74146,-2.1523159,-7.3662105,-19.800953,-2.5527182,-13.740601,-7.3711443,9.205965,nuetral
-280.10895,138.40228,-39.24264,10.278442,-16.301891,0.31334782,7.307266,-5.821493,4.5677667,-7.8802314,-4.052908,-8.66983,-5.794522,nuetral
-441.7532,100.09134,11.886562,27.18306,8.253966,1.9044874,-9.2962475,7.2392964,-13.789209,5.172256,2.6482532,-1.1230748,1.9050364,nuetral
-575.3728,89.18069,19.221357,24.441633,11.061775,3.9785929,-6.045235,5.714778,-10.759424,4.3035426,1.9910018,0.95759237,2.281002,nuetral
-377.57077,110.33094,2.3577619,34.181137,-6.8387084,-3.3314595,-15.372424,-8.901428,-6.9629717,3.484009,-9.440394,-3.3120458,-1.3948461,nuetral
-408.70157,106.33474,19.361912,31.597034,20.450195,-13.0246105,-26.481163,17.240637,-17.690334,3.6565104,-4.341424,-0.082318045,11.087757,nuetral
-478.5963,100.35046,23.294554,36.00748,7.900572,-15.974959,-15.224427,7.287045,-25.056458,3.051959,-4.865682,0.26547974,-0.6565211,nuetral
-416.3037,111.08848,2.840283,41.05024,1.7394823,-16.98822,-18.43542,6.326796,-22.905397,7.7606134,-7.4036274,-1.909609,3.4192042,nuetral
-472.62228,120.804085,26.230055,22.409487,7.5720797,8.480899,6.540853,-0.47183222,-0.4339702,0.88305897,-4.4970326,-0.036027562,2.0084887,nuetral
-446.7886,122.56045,28.574194,29.200747,10.01655,7.3376374,-0.9834181,2.6770065,2.8740344,-1.4598888,-5.8820944,3.3030005,-1.4469703,nuetral
-328.96204,117.5932,-28.77456,13.991015,-7.678427,-14.348286,-23.802729,15.548629,-3.9530318,-11.868721,-10.620613,-0.37938103,-8.469607,nuetral
-345.43073,98.69073,-18.393097,19.792086,-19.120363,-2.2236001,-26.52506,-12.317475,-7.468011,-8.194787,-15.653511,1.4230175,-3.7191746,nuetral
-345.81796,117.47826,3.6504178,39.245632,-13.043949,6.9335017,-17.015598,-2.7355182,-4.1899405,-0.14699024,-5.1420393,2.570375,-4.5364294,nuetral
-407.01227,151.82114,-4.7830853,37.787262,8.2911215,-2.694416,3.0297217,-2.0784533,4.4074397,1.031725,-3.3822873,5.625385,6.3986278,nuetral
-314.52155,103.10754,-9.814734,12.924592,0.77198946,-10.460698,-5.5552225,-14.66803,-0.5729862,4.761571,-4.2141056,6.9013243,-8.950424,nuetral
-338.9365,120.137764,-17.554188,21.105871,1.4710046,-11.1881695,-8.072206,-18.292372,-1.3461642,4.4951205,-3.6103616,5.148184,-9.729417,nuetral
-294.63474,116.561554,-22.457485,12.073108,-1.8946872,-14.973106,-5.39847,-17.04355,-0.025242662,4.160616,-5.829709,10.566569,-15.366537,nuetral
-401.51062,78.24726,-21.349827,-1.7765821,-14.588769,-21.533325,-5.3469214,-13.110467,-5.265951,-8.402468,-13.340627,-3.5340054,-1.4025435,nuetral
-358.32977,132.77827,29.545101,14.8648815,-11.920137,-13.476215,-7.0764723,-18.101704,-16.87094,-13.040265,-15.914356,-9.802827,-9.599263,nuetral
-345.5589,143.5624,11.845231,29.688051,-15.042147,-8.733018,2.502357,-7.968893,-3.001548,-8.839902,-9.097664,-10.077225,-5.3741093,nuetral
-414.80243,90.17697,10.446021,23.154995,17.374321,20.527317,12.885654,14.898416,13.181861,3.6704674,5.8657513,11.388899,4.793519,nuetral
-443.46616,61.693783,-28.374691,20.645823,6.3777385,-9.942319,-5.3116264,12.546199,3.826482,-4.9089165,-7.0205984,4.5072913,0.44231948,nuetral
-501.52264,71.40767,-6.329555,17.385826,-1.2040392,-16.515469,-10.813775,-6.676988,-7.0876436,-2.5581896,-6.051176,-1.4006854,-0.117907554,nuetral
-433.5869,108.4657,18.519453,37.402485,24.172167,5.0293064,0.7801663,1.1153425,-0.23515418,-5.6420135,-2.3707135,-1.7316458,-1.1988122,sad
-469.6402,102.675606,10.548572,17.513357,13.902757,7.9659433,-3.7084823,-6.771263,-5.5588474,-4.4424996,-4.842777,0.84618825,-10.95437,sad
-458.0455,134.25162,7.337118,28.761639,11.101628,0.38600227,5.9995646,-10.37578,-6.8033805,-5.5088224,-6.8075747,3.2067637,-9.341077,sad
-364.52148,143.66931,-12.987047,23.857048,11.352324,-2.2402105,1.7594047,-11.762672,-0.6549389,-0.9099404,-4.6031885,2.9885235,-10.799018,sad
-312.10193,138.34888,-11.667453,4.2510495,17.460537,-15.601713,-2.461412,-17.940231,-6.202378,-13.041756,-8.773653,1.0578742,-14.063888,sad
-370.35065,125.29611,-3.4885504,6.407912,15.618926,-6.097429,-1.6034445,-11.050237,-4.868554,-10.032642,-6.5032063,0.7995317,-8.173058,sad
-450.98438,100.18055,21.088043,19.860064,10.523122,8.784326,6.7235537,0.96835005,-5.5029473,1.832198,-1.6812222,-2.7302992,4.0757093,sad
-398.7336,100.75926,1.9541144,43.135147,-27.036644,9.0222,-5.974534,-5.1853786,-4.840668,-3.119711,2.2341082,-9.895707,7.765332,sad
-477.7434,86.623985,8.951373,22.027063,-2.0776246,8.950415,-11.7722,-0.8694531,2.3454456,-4.494045,0.38213438,-0.73872036,2.6737018,sad
-425.4648,99.563034,1.3831238,33.774475,-4.996806,3.6304793,-12.791971,-8.202362,0.7908496,-4.666025,0.48862395,-1.113197,5.916604,sad
-525.74084,76.35019,11.62174,33.301983,-14.846693,-2.8013566,-12.313083,-6.945032,-10.43578,-10.641261,1.9312509,-7.1483192,4.4017453,sad
-284.7502,93.16968,5.568039,34.16426,5.121213,-10.272899,-11.562067,3.4330852,-12.900422,-10.518705,-3.7167344,-1.1495398,-10.424203,sad
-376.62643,128.84901,-1.7660182,25.906096,-6.5632496,-10.019817,5.0290127,-16.711544,-10.16635,-9.699927,-2.9086683,-0.2412905,-15.66364,sad
-374.7824,87.04832,-2.7972472,20.784983,-12.327124,6.927767,-9.974596,-6.627415,2.0300295,-2.7203298,-0.6274827,-7.381443,0.88307446,sad
-313.79974,150.49997,12.639267,34.20713,17.53337,3.2267623,8.092013,4.9593215,2.5327175,-7.432083,4.396249,0.11571898,-1.5528079,sad
-457.71167,111.79444,29.815548,21.434587,13.90168,17.600504,10.606303,1.5800047,2.6998742,8.66054,-2.2478597,3.5691354,4.1744676,sad
-344.65472,169.2908,20.016455,17.160952,5.337069,11.487604,8.099612,-10.259806,-4.346284,13.169837,-15.497023,4.184167,1.2955258,sad
-404.70816,139.5768,20.458529,34.45347,15.677519,14.927299,4.6123066,-1.0302007,1.498718,6.7379804,-3.4332414,2.6487143,5.033506,sad
-442.89633,120.8546,5.5159497,39.977474,-5.382227,5.9968066,-6.9082923,4.677764,-8.222948,-5.0562196,-1.7276213,-1.5853292,5.962607,sad
-413.97632,101.67937,10.841409,22.604218,8.2591505,8.108949,3.4779096,-2.1517313,-0.69341385,1.5462953,-3.5050297,0.2775779,2.4844298,sad
-453.3926,107.89338,-8.244652,2.3267808,-11.993568,-9.367358,-15.641896,-0.2634246,-22.038895,-4.66307,-18.295984,-15.4412985,-3.1501694,sad
-457.2576,113.968475,-26.377975,15.865939,-12.919792,-11.637676,-15.584025,-4.3830557,-24.31501,-5.8726444,-15.694747,-15.762999,-0.2995297,sad
-533.4585,76.695015,23.694407,24.115744,6.08697,8.50507,3.976274,3.212471,2.6918972,2.0137346,0.15545936,0.2795377,1.1971375,sad
-487.56238,109.92539,22.997702,6.589551,1.0619156,2.4548564,-3.1300485,-7.505513,-1.2529124,0.8103365,-1.3145832,-3.8165905,-3.97241,sad
-514.5558,102.1629,18.533955,14.216747,6.663617,2.2633376,-4.6169977,-4.3206944,0.93717617,0.7235663,1.4124482,-4.489139,-1.4337996,sad
-270.98883,153.39977,-29.499542,46.729122,0.1931618,-12.472474,10.25966,-25.892454,-14.041367,-3.622662,-17.036192,11.676359,-18.898335,sad
-397.4755,156.76855,-15.534816,34.35088,16.865545,-9.031546,0.9244768,-7.2934747,-1.8228006,5.8410497,-12.020604,8.719652,-7.281637,sad
-375.669,110.51984,-30.648233,44.297752,7.3639684,-12.718836,-6.1469207,-28.432024,-1.705483,-0.2734654,-16.794031,8.697785,-12.165761,sad
-475.95392,94.91104,6.100744,31.063444,13.452375,-0.11687568,3.6139092,-3.3268085,-2.679604,3.1382554,-2.6004093,2.4873393,-2.7468798,sad
-481.4623,82.19389,1.5932335,36.668636,17.021019,2.7585974,1.8487372,-3.5389662,3.1210108,2.7451794,-3.4402483,4.180559,-1.4344292,sad
-348.0566,107.56087,15.60517,-0.31577075,3.435904,-2.739643,-13.232773,-5.90235,-16.638914,-2.9744596,-5.2793,-6.9429884,-18.488842,sad
-519.8522,86.620865,13.374536,13.920659,6.83344,-9.891182,-7.9580507,-3.1483681,-8.662268,-5.5439286,-4.3135214,-3.0275772,-1.0292199,sad
-443.5064,93.15365,-2.902177,-2.2132185,-6.5928726,-0.20619693,-13.206668,-6.6420164,0.6202445,2.66801,-2.9759345,-3.121369,-6.1660304,sad
-442.23782,115.931755,2.2074473,-3.8390555,-17.444204,1.2078224,1.3783816,-10.533402,-5.1586547,-11.090484,-3.6757874,-2.614909,-7.8361773,sad
-379.85162,100.997314,2.7576723,5.540485,-1.0925605,-2.9147544,-7.028223,-5.575169,-5.8087287,-2.6396968,-9.361077,-6.765463,-3.232126,sad
-373.12317,110.585106,6.1463585,6.156954,3.3490813,-2.0461183,-2.421335,-4.6274614,0.5967268,-15.819572,-1.0256119,-6.1688113,-0.24460156,sad
-372.40387,105.59393,-10.459507,-1.5405793,-0.683668,-11.022989,-2.3841922,-7.9215345,0.01972421,-8.226573,-0.5729715,-5.6871758,2.5721927,sad
-428.26822,182.67218,42.838554,13.072689,12.052889,13.789783,5.658585,-7.5526423,-3.7817636,-2.632537,-4.4273357,-1.9516071,-3.5764039,sad
-347.8068,113.6823,-26.084776,-2.1891613,2.4510715,-19.347754,-1.1752564,-5.421792,-0.8547422,-4.9344115,0.26923302,-10.697913,2.253931,sad
-460.44934,96.601776,10.050413,30.915276,3.1005368,13.218544,0.970501,5.73486,1.3571632,2.3972616,-0.9468257,-1.413591,4.1729574,sad
-350.43927,92.71331,-12.012836,28.135727,-10.948917,3.133244,-14.020149,0.8235481,-0.5925922,-1.3058412,-8.896665,-3.7896652,-3.742263,sad
-327.4475,109.37969,-35.126575,32.32157,-12.013702,3.7762794,-16.072195,2.07394,-5.9836993,-3.229426,-6.175286,-7.939611,-1.8878062,sad
-379.90817,91.6481,-20.161211,24.48135,-4.8439746,5.456721,-12.2498865,3.548414,-3.8436465,-5.923192,-5.5242224,-5.7686367,1.0846665,sad
-527.9699,81.20816,8.540935,17.149448,4.4467816,-2.2020416,-8.562514,-7.5948286,-5.884757,-2.205475,-0.28332528,-1.0210019,-0.027190514,sad
-378.80118,92.06849,-9.018426,23.156385,-11.141165,-8.16846,-8.226676,-3.850272,-7.2635684,-8.1877,-1.2594537,-6.784102,1.141578,sad
-600.16925,113.66785,23.339169,25.140926,9.852687,8.188353,-0.6478791,6.489242,-2.2154818,3.4685662,-3.5766294,-3.3360267,0.75732404,sad
-425.5908,102.76252,20.520355,26.220768,11.222226,6.4699035,2.361759,0.09787098,-4.158017,-2.9058619,-0.9857966,-0.9192473,3.1046515,sad
-437.1411,116.95876,8.455071,19.94951,-19.790712,7.6501265,-12.32058,1.6470149,-0.58568776,-6.012174,-4.496787,-5.656844,5.013663,sad
-461.8992,105.89407,3.3559904,20.039032,3.9211261,6.58858,-0.3986322,-5.8367925,-6.1303105,1.3694721,-2.6641948,-3.1336553,0.41142198,sad
-298.23413,56.343197,-54.507496,8.448082,-37.842766,9.347657,-27.607271,-14.771178,8.513821,-14.418891,-1.5182815,1.146768,22.49215,sad
-416.69965,68.20412,-1.2203683,17.180809,-14.181678,10.700083,-15.622523,2.5215945,-0.9385354,-3.0575407,-6.5648055,-0.9988995,4.168094,sad
-435.34702,88.22813,5.9309373,29.289276,-6.266732,2.8863788,-14.715831,-15.250379,3.397567,0.17222634,4.3474617,3.8231385,6.144979,sad
-322.34143,101.16623,-10.56063,39.89496,-19.375006,-5.505566,-22.406645,-18.232464,7.5679245,1.6237098,6.585214,2.6387277,2.938717,sad
-379.3606,116.579605,24.47071,36.930668,5.9224796,-11.670998,-13.810048,-5.747508,5.2195654,6.035016,3.4942927,2.0311494,3.4487762,sad
-460.57715,111.16792,26.805634,23.466187,1.7352847,12.453648,-2.6826289,1.4541912,2.5780313,0.4941545,-2.90979,0.04629249,-2.7277687,sad
-374.3633,94.82393,0.068023816,21.244343,-7.0764537,6.95674,-15.066275,-5.6480045,-11.741195,-4.5020566,1.0886654,-2.2578537,-5.290078,sad
-438.2589,90.38621,27.406975,24.148514,7.095264,7.1131516,-1.2905948,3.947437,2.7275767,0.887125,-2.5493371,2.1760955,0.397177,sad
-393.7747,140.75075,-3.2612898,34.11156,-2.0700119,3.4477425,6.5931854,2.1059387,0.6372114,1.3857086,-5.2692466,4.288141,4.091203,sad
-386.3963,98.84125,23.04053,27.758032,15.3101845,8.115503,1.1680747,2.051964,-3.4815567,2.0624557,-3.8983378,3.279134,-0.15774603,sad
-316.15622,132.60094,24.48537,29.179691,27.327978,5.209518,3.4407158,3.6597857,-0.8523787,1.9535275,-5.177569,-0.2648553,-3.5800126,sad
-400.36234,71.46252,-0.98364305,19.040648,2.2799838,-0.16459961,-10.07644,-5.047901,-3.5914297,-7.406311,-6.5078106,-2.798646,-4.78373,sad
-441.43683,155.5951,10.748001,32.53786,1.4802513,-10.450876,-0.25790998,-10.803279,-9.66505,-6.5281434,-5.9666862,-6.1950254,0.030642862,sad
-451.02615,170.81224,13.127213,36.1147,0.7212833,-8.578605,0.3718986,-2.6039422,-10.436021,-4.443749,-5.8300924,-0.84482676,2.3534818,sad
-382.54153,118.03538,19.905266,27.681581,11.4246235,7.2311277,-4.5352716,2.2443905,-10.4442835,1.8729538,0.3532191,2.4313803,1.3363372,sad
-407.98785,113.589645,2.2462575,30.913486,-4.4465637,-5.788617,-9.708601,0.10743547,9.832932,-11.294349,-9.102524,-4.62587,0.6748638,sad
-451.20383,105.34713,-14.854824,7.9629035,-11.863656,-15.100437,-9.932591,-13.505013,8.713025,-6.556957,-21.279837,-2.3272965,-9.2898445,sad
-454.8785,62.653637,10.208929,23.427925,-6.3035793,-20.411863,-21.96649,2.985348,-8.83538,-1.8019077,-10.470582,-2.2991028,2.56661,sad
-330.98474,96.5364,10.539748,19.41617,4.3400846,-1.7213304,-14.056262,-1.2728243,-13.00671,2.4220665,-2.1929557,0.625095,-6.9187512,sad
-413.38614,94.942894,44.78593,7.9928365,14.390775,7.159368,-0.11902698,6.107918,-8.021806,14.832631,-2.8422213,1.9425268,4.1964574,sad
-371.41394,168.53566,-12.33838,3.8404477,-5.7313175,-15.354306,-4.8081927,-13.871118,-12.376868,-6.756324,-7.8390594,-7.145037,-3.9500363,sad
-452.67047,165.74756,19.282684,5.520142,7.082743,-6.9410253,-1.8938396,-4.1333623,-9.578303,-6.351821,-7.223019,-5.4216423,-1.3712933,sad
-369.53192,153.99501,9.049514,10.740596,4.0018682,2.7574618,16.38851,-9.332899,-17.347244,-5.7072864,-4.2977514,1.2083826,1.5409104,sad
-419.0441,145.66098,24.16103,34.239113,6.9996862,9.14948,7.419587,0.33326712,-0.42978173,-1.7084424,0.70288306,0.35677236,-1.5010327,sad
-492.48346,160.65627,-2.5740442,23.885218,-4.239821,28.592066,3.1661777,5.3688617,2.9915166,5.715103,3.762709,1.5713339,-1.6595559,sad
-365.47882,102.42675,-2.8788688,7.0658574,6.4907255,12.238525,-0.97204524,-11.128583,2.3412442,9.813541,-5.300579,6.495577,-0.9923877,sad
-578.78534,98.95501,35.067795,13.904568,18.789822,12.614576,2.5084567,2.779726,-7.9062786,8.3470125,-3.1498454,0.19699436,5.2546415,sad
-398.98123,85.05022,-9.969338,6.4013066,-3.2235503,-0.23844548,-0.084936254,-12.178477,0.4055265,-2.2628593,-8.370812,0.29781592,-4.3193855,sad
-276.49365,92.50762,-10.148911,-4.7700195,-38.00101,-5.0595756,-5.190883,-22.343798,-2.6915176,-3.4001744,-5.512159,-0.406334,-1.9544307,sad
-298.51825,49.729923,-73.23963,-1.9438645,-6.3957505,-6.6722007,-15.404672,-9.438823,2.7447977,17.550663,12.767489,5.3067684,0.3703716,suprised
-248.8541,141.45778,-12.723394,-0.14513727,21.656778,-7.928769,14.652139,-17.660004,-22.013449,6.9953704,-17.975933,5.61569,-14.516692,suprised
-377.55695,62.472557,-21.04747,5.1350484,-6.4638953,-26.350494,-14.564099,-11.052338,-0.20545197,-3.011001,-16.277578,5.466909,-10.598579,suprised
-457.346,113.959305,22.358372,17.468952,6.367265,11.871941,5.8266854,6.1178417,0.0010845972,4.1298466,-0.3418616,-2.104146,1.849795,suprised
-281.60275,101.23066,-40.838505,-4.5165186,-6.3407936,-15.920074,-17.461922,-9.216686,-4.2883782,-10.307809,-21.757725,-6.231183,-4.0375805,suprised
-312.91727,116.73864,5.7400723,14.573178,13.854592,-11.724505,-13.623074,2.5972905,-10.861083,-6.36799,-14.728747,-9.278766,-9.984957,suprised
-280.43195,108.212036,-22.0279,0.5821143,9.287954,-18.42357,-8.222925,3.455657,-6.6276617,-5.34385,-19.51191,-2.685364,-7.5681887,suprised
-380.66916,101.0897,1.6219522,12.339476,6.81322,3.4212756,-6.2372494,3.3945518,8.628286,3.9399996,4.262484,-7.3629,4.5614777,suprised
-368.3777,89.95184,16.129372,65.14293,-13.085162,20.32031,-6.786176,-1.6590687,6.2779408,-8.474921,-2.4287276,-1.3454794,1.3917993,suprised
-418.18265,90.84927,21.96633,8.230702,-10.296271,20.16024,-5.5649476,-4.0860662,1.8248632,-6.377634,-1.3868952,3.3130865,0.28451788,suprised
-351.58417,115.49239,19.656628,77.84982,-3.4089656,-20.268543,10.793829,8.409641,-14.653703,-7.280949,-0.77726305,-0.92302793,-4.3441534,suprised
-254.29431,142.40262,-33.636658,1.2158015,-22.371895,-17.740519,-1.3554583,-1.5758338,-9.319914,-5.7544837,-17.097866,2.078908,-9.915989,suprised
-375.1955,114.03066,21.056898,27.821863,9.695607,12.602447,4.3516083,11.296914,5.566301,3.7045362,0.26031435,-1.1051229,6.3702106,suprised
-204.8595,87.85116,-53.76379,-51.84829,-22.320894,18.093397,-21.203266,-6.119264,-1.9480073,5.3656936,12.335214,12.61902,-2.5458884,suprised
-219.18831,115.124825,-4.7807446,22.836363,-0.24093159,18.304382,-14.868663,3.6762319,8.066603,6.299553,2.6324475,-3.5452018,-0.46006617,suprised
-300.445,117.78236,-0.8017765,62.425907,9.542867,-28.831171,-17.749992,13.1631565,-20.66461,-11.770633,-11.2635565,-8.183121,-7.647682,suprised
-402.1155,114.00459,2.4678066,18.071598,-1.9446663,12.215563,-4.4040847,0.9208504,-0.83682364,8.547764,-0.26246175,-2.451625,4.711619,suprised
-395.9315,112.9925,4.018963,17.48446,-1.8548172,4.225543,3.5073116,-7.420092,-4.607835,0.46243784,-4.5428567,0.45535165,-0.28623253,suprised
-498.35727,69.36062,-5.2145634,0.61302406,-4.9148116,14.606072,1.076745,2.4282322,10.324651,1.1097662,9.151075,-1.4936707,-3.6825492,suprised
-410.4611,53.936134,-6.3665447,9.57661,-15.024868,-6.204747,-7.402025,-3.6269143,0.988538,0.39002776,0.12755793,1.2456628,0.0869996,suprised
-381.30917,53.414616,-2.0973732,15.285929,-13.634551,-5.7305107,-7.2493043,-4.8486147,-4.9640503,-1.4385748,4.209857,7.630264,8.9785795,suprised
-310.3665,80.6174,-57.45921,5.30639,-43.100574,13.0337105,-17.838312,-15.597799,2.7750456,-10.183807,2.2253072,1.718416,11.859337,suprised
-343.07553,122.732704,-48.185425,-18.06571,-36.176285,38.044636,-3.7198772,-15.890095,0.9986992,3.674771,-5.892298,8.188373,-23.051981,suprised
-272.61557,140.77502,-92.41417,-15.878072,-39.99929,-8.88738,8.564536,-26.28956,-13.804844,21.710533,-19.284233,6.3281083,-24.851997,suprised
-289.81314,149.52916,-76.8209,-0.050192285,-33.858265,-33.766132,16.330664,-37.52214,-17.962841,25.281279,-22.483192,11.597918,-39.044823,suprised
-666.2089,94.091446,3.0895095,24.126066,3.5403886,-5.9271765,-9.081877,3.7588174,-0.7577591,-4.6506095,0.46674627,-5.004527,-5.8097634,suprised
-588.3275,87.29003,-9.895673,0.0888722,4.5515394,2.5275354,-14.733572,-6.1701035,2.7502403,4.146105,-5.1222734,-9.157336,-9.617448,suprised
-454.04773,127.00892,-13.645383,-4.859505,-23.903114,-11.284108,-2.4053648,-4.8539567,-7.0054483,-5.2759595,-4.6744533,-3.8366942,-2.848574,suprised
-389.7214,147.60626,-8.981734,40.6291,5.8048115,-8.744915,4.8517203,-3.6090713,-11.642193,-0.55980635,-3.3459415,1.4536107,-9.574044,suprised
-339.83493,151.14551,-37.677082,36.32314,1.7314554,-18.028418,-3.8826606,-14.977178,-13.62852,5.035204,-9.048757,5.32371,-10.678961,suprised
-306.89056,96.20285,-10.877606,-11.046589,-9.063582,-10.411611,-19.173359,-12.741463,-18.327583,-1.284102,-8.681683,-8.725544,-14.9625225,suprised
-307.85806,116.675156,-69.0945,-16.198252,-38.910843,-9.442948,-18.52857,-28.997654,-8.232077,-11.022853,-10.64643,5.7513094,-0.49595928,suprised
-265.11972,79.77229,-88.01182,12.251758,-28.252653,-3.1788547,-16.61151,-9.686565,-6.8892007,-12.525568,-11.917546,-6.9335175,-5.8633027,suprised
-289.2019,121.098045,30.262213,4.1711717,10.6158905,16.865904,6.0876236,2.3727953,7.080798,0.4634988,-1.1103997,5.683967,4.3824263,suprised
-437.77338,93.08763,-19.551004,-1.5456097,-0.47568622,-1.0869362,-6.260276,-1.6175796,-3.5455768,2.7295167,-4.20834,3.7601166,6.6977925,suprised
-231.57632,34.340908,-11.216107,13.095282,-11.371821,-1.5795712,-8.059201,-1.8339698,-16.564703,-7.631569,6.504205,15.48187,13.999926,suprised
-450.45456,100.490005,4.2915406,0.18493232,-4.349159,-6.800731,-7.761058,-6.6375756,-1.2016376,-0.70110905,-2.5142794,-5.0461574,-2.3343465,suprised
-400.28036,75.03148,-1.9092339,-15.285826,-6.7184196,-9.5153675,-15.018024,-11.972486,-7.0449557,-0.39083397,-5.7763333,-8.929113,-4.545159,suprised
-405.9522,114.21054,-9.687082,-16.776657,-2.8578756,-8.869922,-6.7596903,-3.848589,-15.47025,-0.19168021,-7.6831737,5.308599,13.516648,suprised
-392.41882,103.77896,-8.129261,3.202712,5.773399,-9.953546,4.1312966,-0.38239402,0.47569436,-4.869696,-4.0437407,-5.4083166,1.4584868,suprised
-389.37097,144.56177,5.745968,10.23932,3.1381876,1.1733475,-2.9780674,3.487827,5.6341457,-14.849195,1.5228505,-11.743921,7.8698754,suprised
-482.0525,81.62468,-14.668203,-2.2007437,2.0732808,1.5708559,3.9051156,-3.1307254,4.4058723,-7.0870223,2.4909413,1.517711,0.7042188,suprised
-326.59454,103.1315,-15.271788,-1.3141953,-8.056138,-16.677872,-2.0935822,-9.055076,-6.405668,-10.262182,-6.6908855,-8.483955,1.5723901,suprised
-255.62753,131.76514,-43.575245,-19.5319,-15.609024,-14.525607,-1.0908111,-9.000644,-3.0167136,-15.235575,-4.0151024,-13.418196,-2.9231753,suprised
-572.4712,82.82794,-10.970002,17.454788,-6.1583033,-3.9238856,-6.1063547,-4.4002194,-0.438782,-1.7289175,-3.97636,0.11129333,-1.1970711,suprised
-517.1346,89.412445,-21.728235,11.761013,-7.7621727,-7.4167175,-12.28353,-10.565668,-3.6322815,-5.491846,-5.5352645,7.081842,9.537524,suprised
-265.64368,86.79802,-36.632805,-0.03575347,-18.203098,6.4707403,-31.038288,2.9552946,-10.9146,-13.100697,-22.594893,0.88178134,7.7652073,suprised
-332.39587,136.54982,-61.260998,-23.238527,-41.39907,34.48385,-21.18788,-9.311366,-14.123236,-15.061311,-10.08215,-14.989096,-31.677694,suprised
-408.35773,100.54603,1.6889713,12.4904375,6.4147477,9.388381,-0.103119776,-7.30006,9.676571,-7.6835413,-2.986949,-0.028620843,-7.695632,suprised
-415.08923,85.95731,-22.559725,-0.8519832,-9.873566,2.032391,-14.077275,-13.522909,-0.9623724,-11.358336,-4.5849743,-1.2685169,-0.30616423,suprised
-500.49442,102.68343,23.69546,49.894375,-6.1487136,16.077944,5.0328383,8.760697,0.31164584,-2.574038,-3.0115876,-2.696131,2.7650895,suprised
-375.4653,80.97085,12.614541,26.069214,-0.58479786,13.517075,-7.961262,13.769394,-2.1077054,0.39239565,-5.2210217,-0.5551778,0.07632395,suprised
-356.59485,91.33227,26.95556,29.934063,-15.51163,-1.866651,-7.7172537,-4.5227094,-8.415071,2.9697745,-2.452646,4.2441573,16.530664,suprised
-315.35703,111.56038,-27.497013,29.950077,-15.271014,6.611109,-13.309225,-18.945518,6.7894807,0.2106574,3.6658406,2.874246,-0.21893938,suprised
-355.8564,166.30696,4.992025,23.415037,-28.00054,1.3952221,3.0913634,-31.393232,-7.114978,2.1383975,-15.410106,6.697576,-4.8733435,suprised
-453.6709,66.26386,1.002968,4.1896815,3.9329534,-0.62483776,-2.1306763,-0.5408336,-3.090483,-1.2857583,-3.2489707,-1.1143811,-1.4071758,suprised
-249.0595,140.10529,-31.037985,15.844074,-17.648315,-3.7565103,7.6389127,-28.936644,-14.973236,12.437158,-6.2164235,0.020181239,-3.6344714,suprised
-257.79108,135.9357,-40.329376,24.444366,-21.489223,-7.052483,4.0577617,-31.547115,-16.542776,11.530411,-0.94808424,-3.375112,2.7569487,suprised
-299.22113,107.901634,-12.721169,27.015926,-13.634151,-7.1852694,-2.689341,-16.884928,-3.37795,2.3482466,-9.830798,3.7052221,-2.3789995,suprised
-361.58585,102.89666,-17.373436,25.534544,-4.941651,-10.366229,-2.5658689,-17.284668,-2.1279836,2.0248392,-7.7588797,3.8290956,-2.5292,suprised
-338.30078,102.90852,-17.427078,12.838493,-12.380568,-2.6183007,-12.516671,-14.050759,7.998514,-3.348092,-0.4104764,1.8856834,-2.7736468,suprised
-306.16992,90.91979,-43.880795,8.8482895,-22.417048,-29.647568,-5.7433195,-2.2441678,-8.871616,0.8721159,-14.742195,-3.8395407,-2.397206,suprised
-349.7889,85.00998,-26.886301,4.7338524,-25.124525,-29.231773,-2.6272833,-7.196384,-16.758554,-2.3259764,-17.129835,2.7237952,14.084126,suprised
-461.80518,71.15316,-10.851477,15.814571,-14.263699,0.49971643,-17.016201,0.4078662,-1.5734754,1.8067755,-2.5604177,-0.15880695,2.363154,suprised
-413.2231,68.254585,-16.094076,15.644854,-18.129812,-0.4669109,-16.081678,-1.2719297,-3.0258284,0.21199983,-2.4696767,2.779129,6.50681,suprised
-367.09753,74.06704,-15.920244,7.2644305,-20.170984,7.41269,-17.42092,-5.865315,6.6184516,1.4684856,-0.70914423,7.703901,7.824056,suprised
-358.99448,95.74361,5.195421,6.7379403,0.16283932,-27.97492,-7.488296,-12.121596,-12.296352,-0.33481196,-8.548958,-0.6787827,-6.136873,suprised
-281.94275,91.05022,-27.38098,16.518234,-19.254936,2.5135481,-12.717773,-13.728834,10.307749,-2.0722258,-3.7929034,6.076618,-6.9758406,suprised
-370.54706,61.462505,-13.41136,-3.5092757,-25.351397,-3.4536767,-1.3809155,-6.235407,2.73952,-2.7949476,-1.7314234,-1.563877,-4.3013816,suprised
-275.80658,105.30266,2.5585573,65.105255,15.116008,-25.686066,12.203708,9.123278,-19.672312,-4.7963605,-17.200846,1.687645,-7.327958,suprised
-248.15445,96.80101,3.7136803,66.77124,19.365566,-27.5081,13.56202,7.977661,-14.917185,-1.0397305,-14.009111,4.403593,-6.5805054,suprised
-502.7751,86.98016,-13.918149,26.211359,-26.459162,0.7401352,-12.937013,1.3495079,-5.8172283,-3.837784,-9.507185,-2.9307272,-4.3023653,suprised
-458.41492,111.23724,-19.115774,53.151493,-76.68247,-13.656882,-15.444924,-14.658211,-21.270319,-0.3192594,-12.929054,-10.670827,-2.037034,suprised
-414.64172,149.06976,16.73603,71.69351,-22.751825,-15.24394,12.776017,-13.688478,-11.306124,-1.8067622,11.208459,-7.103356,9.566288,suprised
-443.22983,137.80336,17.777617,62.923,-20.401602,-23.323956,9.650182,-13.06245,-10.156108,-2.9381971,9.323573,-3.5469425,2.4056525,suprised
-429.6181,98.12038,35.388103,13.328837,15.740016,18.438093,6.8082757,9.884418,-9.985978,3.415573,-2.3548868,5.760521,2.2671394,suprised
-335.2303,54.055305,-8.73519,31.26078,4.6753564,-23.899025,-8.570975,4.6597195,-9.702208,-6.7447352,-3.6978846,-2.2849014,7.8042564,suprised
-316.4494,162.82785,-34.344616,-13.034971,-13.48863,-13.523057,3.5261052,-10.913969,-5.1109953,-5.1795073,-10.485307,0.79103255,8.910835,suprised
-247.35602,105.84043,-26.469389,21.822731,-10.53971,-11.410541,-15.967829,0.098725565,-18.431438,-10.439552,-8.155902,-7.0442486,-8.910759,suprised
-241.85693,83.15007,-56.087166,-38.655853,-36.2556,7.1243258,-24.084959,-4.4077854,-26.374561,14.210945,-15.055357,-7.8407493,-33.90803,suprised
-314.77786,73.67299,0.8432975,32.211617,-8.311245,-5.168162,-5.6180506,-4.6679893,-3.3583696,-8.718767,-4.044754,-3.8814836,-3.351345,suprised
-322.20422,78.13447,1.032134,32.214123,-6.4478354,-1.917787,-4.768111,2.9366186,-3.268922,-4.401758,-2.3891447,-3.7353525,-1.0354569,suprised
-376.41794,101.329895,15.050285,-2.4734867,-9.049058,6.208057,7.586731,-6.751433,-16.638758,9.689874,-4.7005453,-1.2851044,-13.423957,suprised
-452.90714,128.2639,1.2253917,9.553554,-16.261576,14.115645,7.7796245,-4.8054047,-3.736215,-10.467869,-10.8965,4.8512278,-1.9169134,suprised
-510.88562,72.25891,24.14479,26.064734,10.566764,7.696497,7.646381,5.293975,4.4587264,8.725845,2.806526,5.4645376,4.066829,suprised
